01-446,Fairbanks North Star
01-455,Fairbanks North Star
01-465,Fairbanks North Star
01-470,Fairbanks North Star
01-475,Fairbanks North Star
01-480,Fairbanks North Star
01-485,Fairbanks North Star
01-490,Fairbanks North Star
01-495,Fairbanks North Star
02-345,Fairbanks North Star
02-355,Fairbanks North Star
02-365,Fairbanks North Star
02-375,Fairbanks North Star
03-130,Fairbanks North Star
03-135,Fairbanks North Star
03-165,Fairbanks North Star
03-175,Fairbanks North Star
03-183,Fairbanks North Star
04-230,Fairbanks North Star
04-240,Fairbanks North Star
04-250,Fairbanks North Star
04-260,Fairbanks North Star
04-265,Fairbanks North Star
04-270,Fairbanks North Star
04-280,Fairbanks North Star
05-580,Fairbanks North Star
05-582,Fairbanks North Star
05-586,Fairbanks North Star
05-587,Fairbanks North Star
05-588,Fairbanks North Star
05-590,Fairbanks North Star
05-592,Fairbanks North Star
05-594,Fairbanks North Star
05-596,Fairbanks North Star
06-005,Denali
06-007,Yukon-Koyukuk
06-010,Yukon-Koyukuk
06-012,Denali
06-015,Yukon-Koyukuk
06-020,Valdez-Cordova
06-023,Yukon-Koyukuk
06-024,Denali
06-025,Valdez-Cordova
06-026,Denali
06-027,Southeast Fairbanks
06-030,Southeast Fairbanks
06-033,Yukon-Koyukuk
06-035,Valdez-Cordova
06-040,Denali
06-047,Valdez-Cordova
06-050,Yukon-Koyukuk
06-053,Valdez-Cordova
06-054,Yukon-Koyukuk
06-056,Yukon-Koyukuk
06-060,Southeast Fairbanks
06-070,Yukon-Koyukuk
06-075,Southeast Fairbanks
06-080,Yukon-Koyukuk
06-085,Southeast Fairbanks
06-090,Southeast Fairbanks
06-095,Yukon-Koyukuk
06-145,Fairbanks North Star
06-150,Fairbanks North Star
06-155,Fairbanks North Star
06-160,Fairbanks North Star
06-170,Fairbanks North Star
06-180,Fairbanks North Star
07-100,Matanuska-Susitna
07-105,Matanuska-Susitna
07-110,Matanuska-Susitna
07-115,Matanuska-Susitna
07-120,Matanuska-Susitna
07-125,Matanuska-Susitna
07-130,Matanuska-Susitna
08-130,Matanuska-Susitna
08-135,Matanuska-Susitna
08-140,Matanuska-Susitna
08-145,Matanuska-Susitna
08-150,Matanuska-Susitna
08-155,Matanuska-Susitna
09-600,Southeast Fairbanks
09-608,Southeast Fairbanks
09-622,Matanuska-Susitna
09-628,Matanuska-Susitna
09-632,Valdez-Cordova
09-640,Matanuska-Susitna
09-645,Matanuska-Susitna
09-650,Valdez-Cordova
09-655,Valdez-Cordova
09-660,Valdez-Cordova
09-665,Valdez-Cordova
10-005,Matanuska-Susitna
10-010,Matanuska-Susitna
10-015,Matanuska-Susitna
10-020,Matanuska-Susitna
10-025,Matanuska-Susitna
10-030,Matanuska-Susitna
10-035,Matanuska-Susitna
10-040,Matanuska-Susitna
10-045,Matanuska-Susitna
10-050,Matanuska-Susitna
10-055,Matanuska-Susitna
11-055,Matanuska-Susitna
11-060,Matanuska-Susitna
11-065,Matanuska-Susitna
11-070,Matanuska-Susitna
11-075,Matanuska-Susitna
11-085,Matanuska-Susitna
11-090,Matanuska-Susitna
11-095,Matanuska-Susitna
11-099,Matanuska-Susitna
12-200,Matanuska-Susitna
12-205,Matanuska-Susitna
12-210,Matanuska-Susitna
12-220,Matanuska-Susitna
12-225,Anchorage
12-230,Anchorage
12-233,Anchorage
13-235,Anchorage
13-240,Anchorage
13-245,Anchorage
13-250,Anchorage
13-255,Anchorage
13-260,Anchorage
14-940,Anchorage
14-945,Anchorage
14-950,Anchorage
14-955,Anchorage
14-960,Anchorage
14-965,Anchorage
14-970,Anchorage
15-300,Anchorage
15-305,Anchorage
15-310,Anchorage
15-315,Anchorage
15-320,Anchorage
16-325,Anchorage
16-330,Anchorage
16-335,Anchorage
16-340,Anchorage
16-345,Anchorage
16-350,Anchorage
16-355,Anchorage
17-400,Anchorage
17-405,Anchorage
17-410,Anchorage
17-415,Anchorage
17-420,Anchorage
17-425,Anchorage
17-430,Anchorage
18-435,Anchorage
18-440,Anchorage
18-445,Anchorage
18-450,Anchorage
18-455,Anchorage
18-460,Anchorage
18-465,Anchorage
18-470,Anchorage
18-475,Anchorage
18-480,Anchorage
19-500,Anchorage
19-505,Anchorage
19-510,Anchorage
19-515,Anchorage
19-520,Anchorage
19-525,Anchorage
20-530,Anchorage
20-535,Anchorage
20-540,Anchorage
20-545,Anchorage
20-550,Anchorage
20-555,Anchorage
20-560,Anchorage
20-565,Anchorage
20-570,Anchorage
21-600,Anchorage
21-605,Anchorage
21-610,Anchorage
21-615,Anchorage
21-620,Anchorage
21-625,Anchorage
21-630,Anchorage
21-635,Anchorage
22-640,Anchorage
22-645,Anchorage
22-650,Anchorage
22-655,Anchorage
22-660,Anchorage
22-665,Anchorage
22-670,Anchorage
23-735,Anchorage
23-740,Anchorage
23-745,Anchorage
23-750,Anchorage
23-755,Anchorage
23-760,Anchorage
23-765,Anchorage
23-770,Anchorage
24-700,Anchorage
24-705,Anchorage
24-710,Anchorage
24-715,Anchorage
24-720,Anchorage
24-725,Anchorage
24-730,Anchorage
25-840,Anchorage
25-845,Anchorage
25-850,Anchorage
25-855,Anchorage
25-860,Anchorage
25-865,Anchorage
25-870,Anchorage
26-800,Anchorage
26-805,Anchorage
26-810,Anchorage
26-815,Anchorage
26-820,Anchorage
26-825,Anchorage
26-830,Anchorage
26-835,Anchorage
27-900,Anchorage
27-905,Anchorage
27-910,Anchorage
27-915,Anchorage
27-920,Anchorage
27-925,Anchorage
27-930,Anchorage
27-935,Anchorage
28-105,Anchorage
28-110,Anchorage
28-115,Anchorage
28-120,Anchorage
28-125,Anchorage
28-130,Anchorage
28-135,Anchorage
28-140,Anchorage
28-145,Anchorage
29-100,Kenai Peninsula
29-110,Kenai Peninsula
29-115,Kenai Peninsula
29-120,Kenai Peninsula
29-130,Kenai Peninsula
29-140,Kenai Peninsula
29-150,Kenai Peninsula
29-160,Kenai Peninsula
29-170,Kenai Peninsula
29-180,Kenai Peninsula
29-190,Kenai Peninsula
30-200,Kenai Peninsula
30-210,Kenai Peninsula
30-220,Kenai Peninsula
30-230,Kenai Peninsula
30-240,Kenai Peninsula
30-250,Kenai Peninsula
31-300,Kenai Peninsula
31-310,Kenai Peninsula
31-320,Kenai Peninsula
31-340,Kenai Peninsula
31-350,Kenai Peninsula
31-360,Kenai Peninsula
31-370,Kenai Peninsula
31-380,Kenai Peninsula
31-390,Kenai Peninsula
32-800,Kodiak Island
32-805,Valdez-Cordova
32-810,Kodiak Island
32-815,Kodiak Island
32-820,Kodiak Island
32-825,Kodiak Island
32-830,Kodiak Island
32-835,Kodiak Island
32-840,Kodiak Island
32-845,Kodiak Island
32-847,Kenai Peninsula
32-850,Valdez-Cordova
32-855,Kenai Peninsula
32-860,Yakutat
33-500,Juneau
33-505,Hoonah-Angoon
33-510,Juneau
33-515,Juneau
33-520,Juneau
33-525,Juneau
33-530,Juneau
33-540,Skagway
33-545,Haines
33-550,Haines
33-555,Hoonah-Angoon
34-400,Juneau
34-410,Juneau
34-420,Juneau
34-430,Juneau
34-440,Juneau
34-450,Juneau
34-460,Juneau
35-700,Hoonah-Angoon
35-705,Prince of Wales-Hyder
35-720,Hoonah-Angoon
35-730,Petersburg
35-735,Prince of Wales-Hyder
35-740,Prince of Wales-Hyder
35-745,Prince of Wales-Hyder
35-750,Hoonah-Angoon
35-755,Petersburg
35-760,Sitka
35-765,Sitka
35-770,Sitka
35-775,Hoonah-Angoon
35-780,Prince of Wales-Hyder
36-600,Ketchikan Gateway
36-610,Ketchikan Gateway
36-620,Ketchikan Gateway
36-640,Ketchikan Gateway
36-650,Ketchikan Gateway
36-660,Ketchikan Gateway
36-670,Ketchikan Gateway
36-675,Prince of Wales-Hyder
36-680,Prince of Wales-Hyder
36-690,Wrangell
37-300,Yukon-Koyukuk
37-302,Yukon-Koyukuk
37-304,Yukon-Koyukuk
37-306,Yukon-Koyukuk
37-308,Yukon-Koyukuk
37-310,Yukon-Koyukuk
37-312,Yukon-Koyukuk
37-700,Aleutians East
37-702,Dillingham
37-704,Aleutians West
37-706,Aleutians West
37-708,Lake and Peninsula
37-710,Dillingham
37-712,Aleutians East
37-714,Dillingham
37-716,Lake and Peninsula
37-718,Dillingham
37-720,Aleutians East
37-722,Bristol Bay
37-724,Dillingham
37-726,Lake and Peninsula
37-728,Lake and Peninsula
37-730,Lake and Peninsula
37-732,Dillingham
37-734,Bristol Bay
37-736,Dillingham
37-738,Lake and Peninsula
37-740,Lake and Peninsula
37-742,Lake and Peninsula
37-744,Aleutians East
37-746,Bethel
37-748,Bristol Bay
37-750,Aleutians West
37-752,Aleutians West
37-754,Dillingham
38-800,Bethel
38-802,Bethel
38-804,Bethel
38-806,Bethel
38-808,Bethel
38-810,Bethel
38-812,Bethel
38-814,Bethel
38-816,Bethel
38-818,Bethel
38-820,Bethel
38-822,Bethel
38-824,Bethel
38-826,Bethel
38-828,Bethel
38-830,Bethel
38-832,Bethel
38-834,Kusilvak
38-836,Bethel
38-838,Bethel
38-840,Bethel
38-842,Bethel
38-844,Bethel
38-846,Bethel
38-848,Bethel
38-850,Kusilvak
38-852,Bethel
38-854,Bethel
38-856,Bethel
38-858,Bethel
38-860,Bethel
39-314,Yukon-Koyukuk
39-316,Yukon-Koyukuk
39-318,Yukon-Koyukuk
39-320,Yukon-Koyukuk
39-322,Yukon-Koyukuk
39-324,Yukon-Koyukuk
39-900,Kusilvak
39-902,Nome
39-904,Kusilvak
39-906,Nome
39-908,Nome
39-910,Kusilvak
39-912,Nome
39-914,Nome
39-916,Kusilvak
39-918,Kusilvak
39-920,Nome
39-922,Kusilvak
39-924,Nome
39-926,Nome
39-928,Kusilvak
39-930,Kusilvak
39-932,Nome
39-934,Kusilvak
39-936,Nome
39-938,Nome
39-940,Kusilvak
39-942,Nome
39-944,Nome
39-946,Nome
39-948,Nome
39-950,Nome
39-952,Nome
40-002,Northwest Arctic
40-004,North Slope
40-006,North Slope
40-008,North Slope
40-010,North Slope
40-012,Northwest Arctic
40-014,Northwest Arctic
40-016,North Slope
40-018,Northwest Arctic
40-020,Northwest Arctic
40-022,Northwest Arctic
40-024,Northwest Arctic
40-026,Northwest Arctic
40-028,Northwest Arctic
40-030,North Slope
40-032,North Slope
40-034,North Slope
40-036,Northwest Arctic
40-038,Northwest Arctic
40-040,North Slope
40-326,Yukon-Koyukuk
40-328,Yukon-Koyukuk
40-330,Yukon-Koyukuk