01,Alabama,2123372
01001,Autauga County,24973
01003,Baldwin County,95215
01005,Barbour County,10469
01007,Bibb County,8819
01009,Blount County,25588
01011,Bullock County,4710
01013,Butler County,8732
01015,Calhoun County,47864
01017,Chambers County,13900
01019,Cherokee County,10733
01021,Chilton County,18369
01023,Choctaw County,7292
01025,Clarke County,13031
01027,Clay County,6624
01029,Cleburne County,6593
01031,Coffee County,20767
01033,Colbert County,24915
01035,Conecuh County,6585
01037,Coosa County,5252
01039,Covington County,15940
01041,Crenshaw County,6267
01043,Cullman County,37873
01045,Dale County,18749
01047,Dallas County,18792
01049,DeKalb County,25826
01051,Elmore County,37260
01053,Escambia County,14845
01055,Etowah County,44164
01057,Fayette County,8249
01059,Franklin County,12040
01061,Geneva County,11758
01063,Greene County,4880
01065,Hale County,8040
01067,Henry County,8072
01069,Houston County,42639
01071,Jackson County,20984
01073,Jefferson County,304191
01075,Lamar County,6966
01077,Lauderdale County,39525
01079,Lawrence County,14829
01081,Lee County,59191
01083,Limestone County,40294
01085,Lowndes County,6684
01087,Macon County,9140
01089,Madison County,163389
01091,Marengo County,10994
01093,Marion County,12984
01095,Marshall County,35316
01097,Mobile County,172737
01099,Monroe County,10271
01101,Montgomery County,95878
01103,Morgan County,50644
01105,Perry County,5278
01107,Pickens County,9542
01109,Pike County,13168
01111,Randolph County,10187
01113,Russell County,19256
01115,St. Clair County,101254
01117,Shelby County,38400
01119,Sumter County,6411
01121,Talladega County,33407
01123,Tallapoosa County,19486
01125,Tuscaloosa County,82700
01127,Walker County,29472
01129,Washington County,8533
01131,Wilcox County,6123
01133,Winston County,10313
02,Alaska,318247
02013,Aleutians East Borough,529
02016,Aleutians West Census Area,1213
02020,Anchorage Municipality,130040
02050,Bethel Census Area,4891
02060,Bristol Bay Borough,453
02068,Denali Borough,1105
02070,Dillingham Census Area,1883
02090,Fairbanks North Star Borough,40876
02100,Haines Borough,1637
02105,Hoonah-Angoon Census Area,1411
02110,Juneau City and Borough,16436
02122,Kenai Peninsula Borough,28840
02130,Ketchikan Gateway Borough,6267
02150,Kodiak Island Borough,5764
02158,Kusilvak Census Area,2018
02164,Lake and Peninsula Borough,496
02170,Matanuska-Susitna Borough,44911
02180,Nome Census Area,3242
02185,North Slope Borough,2302
02188,Northwest Arctic Borough,2148
02195,Petersburg Borough,1998
02198,Prince of Wales-Hyder Census Area,2494
02220,Sitka City and Borough,4471
02230,Skagway Municipality,828
02240,Southeast Fairbanks Census Area,3405
02261,Valdez-Cordova Census Area,4448
02275,Wrangell City and Borough,1124
02282,Yakutat City and Borough,343
02290,Yukon-Koyukuk Census Area,2674
04,Arizona,2591782
04001,Apache County,27106
04003,Cochise County,49375
04005,Coconino County,58431
04007,Gila County,22308
04009,Graham County,12132
04011,Greenlee County,3270
04012,La Paz County,5874
04013,Maricopa County,1567834
04015,Mohave County,79344
04017,Navajo County,39645
04019,Pima County,416386
04021,Pinal County,128235
04023,Santa Cruz County,16287
04025,Yavapai County,113144
04027,Yuma County,52411
05,Arkansas,1130698
05001,Arkansas County,6312
05003,Ashley County,8085
05005,Baxter County,19766
05007,Benton County,96824
05009,Boone County,16111
05011,Bradley County,3653
05013,Calhoun County,2269
05015,Carroll County,10758
05017,Chicot County,4176
05019,Clark County,8526
05021,Clay County,5200
05023,Cleburne County,12085
05025,Cleveland County,3354
05027,Columbia County,8887
05029,Conway County,7927
05031,Craighead County,35573
05033,Crawford County,22450
05035,Crittenden County,15952
05037,Cross County,6874
05039,Dallas County,2771
05041,Desha County,4257
05043,Drew County,6595
05045,Faulkner County,47527
05047,Franklin County,6770
05049,Fulton County,4772
05051,Garland County,40805
05053,Grant County,7445
05055,Greene County,14600
05057,Hempstead County,7049
05059,Hot Spring County,11944
05061,Howard County,4674
05063,Independence County,13614
05065,Izard County,5448
05067,Jackson County,5156
05069,Jefferson County,25894
05071,Johnson County,9112
05073,Lafayette County,2860
05075,Lawrence County,5685
05077,Lee County,3026
05079,Lincoln County,3826
05081,Little River County,5227
05083,Logan County,7921
05085,Lonoke County,27100
05087,Madison County,6841
05089,Marion County,7107
05091,Miller County,16091
05093,Mississippi County,13204
05095,Monroe County,2884
05097,Montgomery County,3559
05099,Nevada County,3246
05101,Newton County,3753
05103,Ouachita County,9955
05105,Perry County,4306
05107,Phillips County,6953
05109,Pike County,3981
05111,Poinsett County,7722
05113,Polk County,8231
05115,Pope County,22569
05117,Prairie County,3444
05119,Pulaski County,159776
05121,Randolph County,6279
05123,St. Francis County,7430
05125,Saline County,52100
05127,Scott County,3510
05129,Searcy County,3728
05131,Sebastian County,44637
05133,Sevier County,4562
05135,Sharp County,7249
05137,Stone County,5618
05139,Union County,16894
05141,Van Buren County,7339
05143,Washington County,81861
05145,White County,27999
05147,Woodruff County,2571
05149,Yell County,6439
06,California,14181595
06001,Alameda County,654266
06003,Alpine County,602
06005,Amador County,17734
06007,Butte County,95564
06009,Calaveras County,23136
06011,Colusa County,6632
06013,Contra Costa County,466175
06015,Del Norte County,9558
06017,El Dorado County,93591
06019,Fresno County,282319
06021,Glenn County,9470
06023,Humboldt County,59246
06025,Imperial County,48091
06027,Inyo County,8086
06029,Kern County,244163
06031,Kings County,33915
06033,Lake County,24496
06035,Lassen County,10524
06037,Los Angeles County,3434308
06039,Madera County,43112
06041,Marin County,139273
06043,Mariposa County,8877
06045,Mendocino County,37477
06047,Merced County,70789
06049,Modoc County,3788
06051,Mono County,5276
06053,Monterey County,133408
06055,Napa County,61372
06057,Nevada County,54935
06059,Orange County,1197521
06061,Placer County,182839
06063,Plumas County,9676
06065,Riverside County,751391
06067,Sacramento County,559330
06069,San Benito County,21924
06071,San Bernardino County,653983
06073,San Diego County,1306400
06075,San Francisco County,405792
06077,San Joaquin County,224166
06079,San Luis Obispo County,135009
06081,San Mateo County,314384
06083,Santa Barbara County,176786
06085,Santa Clara County,703709
06087,Santa Cruz County,128821
06089,Shasta County,80053
06091,Sierra County,1830
06093,Siskiyou County,20492
06095,Solano County,166113
06097,Sonoma County,231253
06099,Stanislaus County,172146
06101,Sutter County,33523
06103,Tehama County,23908
06105,Trinity County,5686
06107,Tulare County,112334
06109,Tuolumne County,25529
06111,Ventura County,351726
06113,Yolo County,82090
06115,Yuba County,22998
08,Colorado,
09,Connecticut,1644920
09001,Fairfield County,421209
09003,Hartford County,406864
09005,Litchfield County,97442
09007,Middlesex County,88624
09009,New Haven County,379006
09011,New London County,123528
09013,Tolland County,77424
09015,Windham County,50823
10,Delaware,442997
10001,Kent County,74598
10003,New Castle County,262391
10005,Sussex County,106008
11,District of Columbia,311268
11001,District of Columbia,311268
12,Florida,9420039
12001,Alachua County,128571
12003,Baker County,12634
12005,Bay County,87453
12007,Bradford County,12098
12009,Brevard County,314752
12011,Broward County,831951
12013,Calhoun County,6081
12015,Charlotte County,96374
12017,Citrus County,79700
12019,Clay County,106483
12021,Collier County,170789
12023,Columbia County,28707
12027,DeSoto County,10818
12029,Dixie County,7202
12031,Duval County,432695
12033,Escambia County,152469
12035,Flagler County,57503
12037,Franklin County,6015
12039,Gadsden County,22113
12041,Gilchrist County,8420
12043,Glades County,4353
12045,Gulf County,7293
12047,Hamilton County,5460
12049,Hardee County,7583
12051,Hendry County,11115
12053,Hernando County,93796
12055,Highlands County,45686
12057,Hillsborough County,597660
12059,Holmes County,8514
12061,Indian River County,80009
12063,Jackson County,21041
12065,Jefferson County,7645
12067,Lafayette County,3392
12069,Lake County,170462
12071,Lee County,326420
12073,Leon County,152132
12075,Levy County,19395
12077,Liberty County,3296
12079,Madison County,8505
12081,Manatee County,178958
12083,Marion County,174700
12085,Martin County,85792
12086,Miami-Dade County,980204
12087,Monroe County,42478
12089,Nassau County,46607
12091,Okaloosa County,100855
12093,Okeechobee County,13653
12095,Orange County,546275
12097,Osceola County,140206
12099,Palm Beach County,662332
12101,Pasco County,241139
12103,Pinellas County,492403
12105,Polk County,284314
12107,Putnam County,33117
12109,St. Johns County,136514
12111,St. Lucie County,140847
12113,Santa Rosa County,87745
12115,Sarasota County,229063
12117,Seminole County,224896
12119,Sumter County,76665
12121,Suwannee County,18694
12123,Taylor County,9290
12125,Union County,5694
12127,Volusia County,260869
12129,Wakulla County,15351
12131,Walton County,33637
12133,Washington County,11156
13,Georgia,4092373
13001,Appling County,7005
13003,Atkinson County,2610
13005,Bacon County,4019
13007,Baker County,1440
13009,Baldwin County,16086
13011,Banks County,6950
13013,Barrow County,28831
13015,Bartow County,39306
13017,Ben Hill County,5931
13019,Berrien County,6584
13021,Bibb County,62277
13023,Bleckley County,4943
13025,Brantley County,6292
13027,Brooks County,6318
13029,Bryan County,15085
13031,Bulloch County,25248
13033,Burke County,9351
13035,Butts County,9477
13037,Calhoun County,2025
13039,Camden County,18869
13043,Candler County,3763
13045,Carroll County,43839
13047,Catoosa County,26528
13049,Charlton County,4009
13051,Chatham County,111481
13053,Chattahoochee County,1390
13055,Chattooga County,8252
13057,Cherokee County,110895
13059,Clarke County,44339
13061,Clay County,1271
13063,Clayton County,92512
13065,Clinch County,2447
13067,Cobb County,327499
13069,Coffee County,13915
13071,Colquitt County,13601
13073,Columbia County,64242
13075,Cook County,6041
13077,Coweta County,61351
13079,Crawford County,5162
13081,Crisp County,7512
13083,Dade County,6242
13085,Dawson County,11704
13087,Decatur County,10270
13089,DeKalb County,312504
13091,Dodge County,6998
13093,Dooly County,3859
13095,Dougherty County,34018
13097,Douglas County,57416
13099,Early County,4785
13101,Echols County,1176
13103,Effingham County,23406
13105,Elbert County,7970
13107,Emanuel County,7845
13109,Evans County,3602
13111,Fannin County,11777
13113,Fayette County,60435
13115,Floyd County,34357
13117,Forsyth County,97404
13119,Franklin County,8474
13121,Fulton County,430599
13123,Gilmer County,12735
13125,Glascock County,1390
13127,Glynn County,34112
13129,Gordon County,18879
13131,Grady County,9201
13133,Greene County,8840
13135,Gwinnett County,325636
13137,Habersham County,16134
13139,Hall County,70220
13141,Hancock County,3580
13143,Haralson County,11324
13145,Harris County,16401
13147,Hart County,10080
13149,Heard County,4206
13151,Henry County,98286
13153,Houston County,59744
13155,Irwin County,3665
13157,Jackson County,27109
13159,Jasper County,6023
13161,Jeff Davis County,5091
13163,Jefferson County,6954
13165,Jenkins County,3052
13167,Johnson County,3682
13169,Jones County,12526
13171,Lamar County,7586
13173,Lanier County,2863
13175,Laurens County,19476
13177,Lee County,14115
13179,Liberty County,16117
13181,Lincoln County,4102
13183,Long County,4117
13185,Lowndes County,37628
13187,Lumpkin County,12334
13189,McDuffie County,9268
13191,McIntosh County,5903
13193,Macon County,4287
13195,Madison County,11954
13197,Marion County,3183
13199,Meriwether County,9191
13201,Miller County,2544
13205,Mitchell County,7865
13207,Monroe County,12687
13209,Montgomery County,3562
13211,Morgan County,9440
13213,Murray County,12424
13215,Muscogee County,68658
13217,Newton County,43803
13219,Oconee County,19931
13221,Oglethorpe County,6655
13223,Paulding County,64641
13225,Peach County,10724
13227,Pickens County,13984
13229,Pierce County,7298
13231,Pike County,8681
13233,Polk County,14170
13235,Pulaski County,3599
13237,Putnam County,9472
13239,Quitman County,1044
13241,Rabun County,7950
13243,Randolph County,2897
13245,Richmond County,75086
13247,Rockdale County,37656
13249,Schley County,1909
13251,Screven County,5699
13253,Seminole County,3582
13255,Spalding County,25600
13257,Stephens County,9766
13259,Stewart County,2055
13261,Sumter County,10974
13263,Talbot County,3244
13265,Taliaferro County,897
13267,Tattnall County,6886
13269,Taylor County,3405
13271,Telfair County,3795
13273,Terrell County,4181
13275,Thomas County,18738
13277,Tift County,14175
13279,Toombs County,9111
13281,Towns County,6739
13283,Treutlen County,2703
13285,Troup County,26024
13287,Turner County,3394
13289,Twiggs County,4056
13291,Union County,12044
13293,Upson County,10934
13295,Walker County,23956
13297,Walton County,40472
13299,Ware County,12159
13301,Warren County,2333
13303,Washington County,8447
13305,Wayne County,10386
13307,Webster County,1116
13309,Wheeler County,2102
13311,White County,11783
13313,Whitfield County,30398
13315,Wilcox County,2973
13317,Wilkes County,4477
13319,Wilkinson County,4278
13321,Worth County,8280
15,Hawaii,428937
15001,Hawaii County,64867
15003,Honolulu County,285790
15005,Kalawao County,20
15007,Kauai County,26335
15009,Maui County,51925
16,Idaho,690322
16001,Ada County,195669
16003,Adams County,2183
16005,Bannock County,33416
16007,Bear Lake County,2928
16009,Benewah County,4185
16011,Bingham County,16615
16013,Blaine County,10724
16015,Boise County,3814
16017,Bonner County,20943
16019,Bonneville County,44121
16021,Boundary County,5163
16023,Butte County,1230
16025,Camas County,590
16027,Canyon County,72785
16029,Caribou County,3034
16031,Cassia County,8178
16033,Clark County,283
16035,Clearwater County,3801
16037,Custer County,2414
16039,Elmore County,8522
16041,Franklin County,5499
16043,Fremont County,5715
16045,Gem County,7954
16047,Gooding County,5191
16049,Idaho County,8233
16051,Jefferson County,11475
16053,Jerome County,6751
16055,Kootenai County,66310
16057,Latah County,18173
16059,Lemhi County,4096
16061,Lewis County,1590
16063,Lincoln County,1748
16065,Madison County,15688
16067,Minidoka County,6871
16069,Nez Perce County,17201
16071,Oneida County,2068
16073,Owyhee County,3925
16075,Payette County,8704
16077,Power County,2758
16079,Shoshone County,5120
16081,Teton County,4976
16083,Twin Falls County,29874
16085,Valley County,5349
16087,Washington County,4455
17,Illinois,5538478
17001,Adams County,31947
17003,Alexander County,2820
17005,Bond County,7510
17007,Boone County,22729
17009,Brown County,2359
17011,Bureau County,16389
17013,Calhoun County,2561
17015,Carroll County,7393
17017,Cass County,5075
17019,Champaign County,90566
17021,Christian County,15364
17023,Clark County,7841
17025,Clay County,6313
17027,Clinton County,17327
17029,Coles County,21679
17031,Cook County,2158576
17033,Crawford County,8671
17035,Cumberland County,5526
17037,DeKalb County,43002
17039,De Witt County,7492
17041,Douglas County,8125
17043,DuPage County,423647
17045,Edgar County,7840
17047,Edwards County,3324
17049,Effingham County,17513
17051,Fayette County,9549
17053,Ford County,6338
17055,Franklin County,18567
17057,Fulton County,15651
17059,Gallatin County,2699
17061,Greene County,5559
17063,Grundy County,23022
17065,Hamilton County,4156
17067,Hancock County,9049
17069,Hardin County,2137
17071,Henderson County,3489
17073,Henry County,24364
17075,Iroquois County,12996
17077,Jackson County,24268
17079,Jasper County,5112
17081,Jefferson County,16876
17083,Jersey County,10938
17085,Jo Daviess County,11225
17087,Johnson County,6042
17089,Kane County,199311
17091,Kankakee County,46781
17093,Kendall County,53447
17095,Knox County,22243
17097,Lake County,299010
17099,LaSalle County,49244
17101,Lawrence County,6058
17103,Lee County,15302
17105,Livingston County,15205
17107,Logan County,12255
17109,McDonough County,12980
17111,McHenry County,142283
17113,McLean County,79835
17115,Macon County,47607
17117,Macoupin County,22223
17119,Madison County,128757
17121,Marion County,16964
17123,Marshall County,5939
17125,Mason County,6454
17127,Massac County,6654
17129,Menard County,6464
17131,Mercer County,8447
17133,Monroe County,19106
17135,Montgomery County,12878
17137,Morgan County,14645
17139,Moultrie County,6231
17141,Ogle County,23869
17143,Peoria County,79101
17145,Perry County,9798
17147,Piatt County,8972
17149,Pike County,7480
17151,Pope County,2136
17153,Pulaski County,2712
17155,Putnam County,3086
17157,Randolph County,14099
17159,Richland County,7649
17161,Rock Island County,63170
17163,St. Clair County,121436
17165,Saline County,11384
17167,Sangamon County,98373
17169,Schuyler County,3834
17171,Scott County,2608
17173,Shelby County,11049
17175,Stark County,2717
17177,Stephenson County,20086
17179,Tazewell County,63931
17181,Union County,8550
17183,Vermilion County,30569
17185,Wabash County,5428
17187,Warren County,7730
17189,Washington County,7394
17191,Wayne County,8265
17193,White County,7296
17195,Whiteside County,25279
17197,Will County,300898
17199,Williamson County,31623
17201,Winnebago County,118375
17203,Woodford County,19632
18,Indiana,2734958
18001,Adams County,13090
18003,Allen County,147137
18005,Bartholomew County,32490
18007,Benton County,3666
18009,Blackford County,4839
18011,Boone County,32178
18013,Brown County,7945
18015,Carroll County,8643
18017,Cass County,14209
18019,Clark County,51147
18021,Clay County,11282
18023,Clinton County,11936
18025,Crawford County,4593
18027,Daviess County,10768
18029,Dearborn County,23987
18031,Decatur County,11127
18033,DeKalb County,16902
18035,Delaware County,45123
18037,Dubois County,19984
18039,Elkhart County,65630
18041,Fayette County,9530
18043,Floyd County,37425
18045,Fountain County,7492
18047,Franklin County,11013
18049,Fulton County,8374
18051,Gibson County,15484
18053,Grant County,25312
18055,Greene County,13801
18057,Hamilton County,154256
18059,Hancock County,36181
18061,Harrison County,18558
18063,Hendricks County,75559
18065,Henry County,20155
18067,Howard County,36843
18069,Huntington County,16043
18071,Jackson County,17573
18073,Jasper County,13378
18075,Jay County,7986
18077,Jefferson County,13544
18079,Jennings County,11150
18081,Johnson County,66500
18083,Knox County,15516
18085,Kosciusko County,32084
18087,LaGrange County,9566
18089,Lake County,201205
18091,LaPorte County,45203
18093,Lawrence County,19152
18095,Madison County,53909
18097,Marion County,362372
18099,Marshall County,18082
18101,Martin County,4809
18103,Miami County,13482
18105,Monroe County,58454
18107,Montgomery County,15156
18109,Morgan County,31280
18111,Newton County,5795
18113,Noble County,16890
18115,Ohio County,2921
18117,Orange County,8192
18119,Owen County,8557
18121,Parke County,6582
18123,Perry County,8055
18125,Pike County,5977
18127,Porter County,77190
18129,Posey County,12467
18131,Pulaski County,5459
18133,Putnam County,14715
18135,Randolph County,10458
18137,Ripley County,12810
18139,Rush County,7214
18141,St. Joseph County,110060
18143,Scott County,9101
18145,Shelby County,17994
18147,Spencer County,9979
18149,Starke County,9226
18151,Steuben County,14566
18153,Sullivan County,8559
18155,Switzerland County,3699
18157,Tippecanoe County,62515
18159,Tipton County,7510
18161,Union County,3291
18163,Vanderburgh County,72507
18165,Vermillion County,6939
18167,Vigo County,39818
18169,Wabash County,13468
18171,Warren County,3930
18173,Warrick County,29589
18175,Washington County,11382
18177,Wayne County,25579
18179,Wells County,13185
18181,White County,10053
18183,Whitley County,15623
19,Iowa,1566031
19001,Adair County,3811
19003,Adams County,2106
19005,Allamakee County,6923
19007,Appanoose County,6136
19009,Audubon County,3412
19011,Benton County,13844
19013,Black Hawk County,64405
19015,Boone County,14196
19017,Bremer County,13538
19019,Buchanan County,10252
19021,Buena Vista County,8278
19023,Butler County,7513
19025,Calhoun County,5159
19027,Carroll County,10544
19029,Cass County,7125
19031,Cedar County,9541
19033,Cerro Gordo County,22965
19035,Cherokee County,6258
19037,Chickasaw County,6435
19039,Clarke County,4454
19041,Clay County,8617
19043,Clayton County,9129
19045,Clinton County,23067
19047,Crawford County,6935
19049,Dallas County,38252
19051,Davis County,3882
19053,Decatur County,3734
19055,Delaware County,9241
19057,Des Moines County,19103
19059,Dickinson County,10354
19061,Dubuque County,49721
19063,Emmet County,4753
19065,Fayette County,9975
19067,Floyd County,8060
19069,Franklin County,4968
19071,Fremont County,3595
19073,Greene County,4821
19075,Grundy County,6872
19077,Guthrie County,5750
19079,Hamilton County,7694
19081,Hancock County,5871
19083,Hardin County,8533
19085,Harrison County,7465
19087,Henry County,9404
19089,Howard County,4559
19091,Humboldt County,5087
19093,Ida County,3612
19095,Iowa County,8904
19097,Jackson County,10310
19099,Jasper County,19034
19101,Jefferson County,8156
19103,Johnson County,76940
19105,Jones County,10133
19107,Keokuk County,4985
19109,Kossuth County,8607
19111,Lee County,16151
19113,Linn County,117098
19115,Louisa County,5008
19117,Lucas County,4354
19119,Lyon County,6377
19121,Madison County,8636
19123,Mahaska County,10632
19125,Marion County,17816
19127,Marshall County,17980
19129,Mills County,7698
19131,Mitchell County,5417
19133,Monona County,4572
19135,Monroe County,3865
19137,Montgomery County,5044
19139,Muscatine County,19434
19141,O'Brien County,7406
19143,Osceola County,3213
19145,Page County,7044
19147,Palo Alto County,4703
19149,Plymouth County,13190
19151,Pocahontas County,3865
19153,Polk County,231555
19155,Pottawattamie County,42680
19157,Poweshiek County,9833
19159,Ringgold County,2707
19161,Sac County,5212
19163,Scott County,86220
19165,Shelby County,6370
19167,Sioux County,18194
19169,Story County,50667
19171,Tama County,8752
19173,Taylor County,3029
19175,Union County,5832
19177,Van Buren County,3561
19179,Wapello County,15149
19181,Warren County,27300
19183,Washington County,10929
19185,Wayne County,2940
19187,Webster County,17430
19189,Winnebago County,5787
19191,Winneshiek County,11362
19193,Woodbury County,43718
19195,Worth County,4257
19197,Wright County,6026
20,Kansas,1184402
20001,Allen County,5454
20003,Anderson County,3350
20005,Atchison County,6575
20007,Barber County,2252
20009,Barton County,10268
20011,Bourbon County,6093
20013,Brown County,4036
20015,Butler County,27657
20017,Chase County,1369
20019,Chautauqua County,1481
20021,Cherokee County,8620
20023,Cheyenne County,1407
20025,Clark County,1005
20027,Clay County,3820
20029,Cloud County,3930
20031,Coffey County,4068
20033,Comanche County,867
20035,Cowley County,12621
20037,Crawford County,14891
20039,Decatur County,1452
20041,Dickinson County,8210
20043,Doniphan County,3378
20045,Douglas County,50087
20047,Edwards County,1319
20049,Elk County,1259
20051,Ellis County,11947
20053,Ellsworth County,2679
20055,Finney County,10159
20057,Ford County,7718
20059,Franklin County,10965
20061,Geary County,7504
20063,Gove County,1343
20065,Graham County,1284
20067,Grant County,2389
20069,Gray County,2066
20071,Greeley County,650
20073,Greenwood County,2840
20075,Hamilton County,876
20077,Harper County,2578
20079,Harvey County,14916
20081,Haskell County,1354
20083,Hodgeman County,1017
20085,Jackson County,5818
20087,Jefferson County,8337
20089,Jewell County,1494
20091,Johnson County,290090
20093,Kearny County,1316
20095,Kingman County,3334
20097,Kiowa County,1079
20099,Labette County,8107
20101,Lane County,871
20103,Leavenworth County,30301
20105,Lincoln County,1464
20107,Linn County,4427
20109,Logan County,1357
20111,Lyon County,12288
20113,McPherson County,12742
20115,Marion County,5624
20117,Marshall County,4673
20119,Meade County,1720
20121,Miami County,15022
20123,Mitchell County,2942
20125,Montgomery County,12004
20127,Morris County,2624
20129,Morton County,1192
20131,Nemaha County,5122
20133,Neosho County,6314
20135,Ness County,1454
20137,Norton County,2234
20139,Osage County,7046
20141,Osborne County,1788
20143,Ottawa County,2903
20145,Pawnee County,2661
20147,Phillips County,2664
20149,Pottawatomie County,10693
20151,Pratt County,3842
20153,Rawlins County,1472
20155,Reno County,24210
20157,Republic County,2529
20159,Rice County,3804
20161,Riley County,21532
20163,Rooks County,2419
20165,Rush County,1503
20167,Russell County,3193
20169,Saline County,22064
20171,Scott County,2202
20173,Sedgwick County,188783
20175,Seward County,5038
20177,Shawnee County,75406
20179,Sheridan County,1374
20181,Sherman County,2612
20183,Smith County,2042
20185,Stafford County,1896
20187,Stanton County,637
20189,Stevens County,1891
20191,Sumner County,9722
20193,Thomas County,3576
20195,Trego County,1482
20197,Wabaunsee County,3380
20199,Wallace County,798
20201,Washington County,2765
20203,Wichita County,956
20205,Wilson County,3591
20207,Woodson County,1443
20209,Wyandotte County,48781
21,Kentucky,1924149
21001,Adair County,8233
21003,Allen County,8096
21005,Anderson County,11422
21007,Ballard County,4101
21009,Barren County,18488
21011,Bath County,4587
21013,Bell County,9718
21015,Boone County,57618
21017,Bourbon County,8803
21019,Boyd County,20454
21021,Boyle County,12946
21023,Bracken County,3527
21025,Breathitt County,5738
21027,Breckinridge County,8774
21029,Bullitt County,36069
21031,Butler County,5576
21033,Caldwell County,5975
21035,Calloway County,16049
21037,Campbell County,42510
21039,Carlisle County,2601
21041,Carroll County,3855
21043,Carter County,10278
21045,Casey County,6439
21047,Christian County,22083
21049,Clark County,16205
21051,Clay County,6767
21053,Clinton County,4462
21055,Crittenden County,4037
21057,Cumberland County,3066
21059,Daviess County,45807
21061,Edmonson County,5244
21063,Elliott County,2855
21065,Estill County,5545
21067,Fayette County,136315
21069,Fleming County,6260
21071,Floyd County,16540
21073,Franklin County,23865
21075,Fulton County,2382
21077,Gallatin County,3338
21079,Garrard County,7623
21081,Grant County,9559
21083,Graves County,16606
21085,Grayson County,10576
21087,Green County,5333
21089,Greenup County,16277
21091,Hancock County,4295
21093,Hardin County,43156
21095,Harlan County,10757
21097,Harrison County,7781
21099,Hart County,7264
21101,Henderson County,19710
21103,Henry County,7149
21105,Hickman County,2157
21107,Hopkins County,20345
21109,Jackson County,5501
21111,Jefferson County,353099
21113,Jessamine County,23326
21115,Johnson County,9572
21117,Kenton County,71998
21119,Knott County,5763
21121,Knox County,12012
21123,Larue County,6367
21125,Laurel County,24833
21127,Lawrence County,6042
21129,Lee County,2667
21131,Leslie County,4492
21133,Letcher County,9134
21135,Lewis County,5298
21137,Lincoln County,9561
21139,Livingston County,4645
21141,Logan County,10899
21143,Lyon County,3962
21145,McCracken County,31307
21147,McCreary County,5776
21149,McLean County,4566
21151,Madison County,37371
21153,Magoffin County,5116
21155,Marion County,8111
21157,Marshall County,16698
21159,Martin County,3953
21161,Mason County,7219
21163,Meade County,12231
21165,Menifee County,2779
21167,Mercer County,10585
21169,Metcalfe County,4620
21171,Monroe County,4991
21173,Montgomery County,11452
21175,Morgan County,4775
21177,Muhlenberg County,13060
21179,Nelson County,20802
21181,Nicholas County,2841
21183,Ohio County,10398
21185,Oldham County,32853
21187,Owen County,5001
21189,Owsley County,1759
21191,Pendleton County,6007
21193,Perry County,10572
21195,Pike County,24665
21197,Powell County,4957
21199,Pulaski County,28041
21201,Robertson County,1013
21203,Rockcastle County,6691
21205,Rowan County,8848
21207,Russell County,8174
21209,Scott County,24200
21211,Shelby County,20580
21213,Simpson County,7531
21215,Spencer County,9515
21217,Taylor County,11306
21219,Todd County,4779
21221,Trigg County,6751
21223,Trimble County,3798
21225,Union County,6211
21227,Warren County,48454
21229,Washington County,5636
21231,Wayne County,7992
21233,Webster County,5805
21235,Whitley County,13774
21237,Wolfe County,2635
21239,Woodford County,13563
22,Louisiana,2029032
22001,Acadia Parish,27389
22003,Allen Parish,9245
22005,Ascension Parish,54678
22007,Assumption Parish,10904
22009,Avoyelles Parish,16586
22011,Beauregard Parish,15078
22013,Bienville Parish,7005
22015,Bossier Parish,49848
22017,Caddo Parish,105804
22019,Calcasieu Parish,83785
22021,Caldwell Parish,4692
22023,Cameron Parish,3692
22025,Catahoula Parish,4856
22027,Claiborne Parish,6421
22029,Concordia Parish,8872
22031,De Soto Parish,13500
22033,East Baton Rouge Parish,196491
22035,East Carroll Parish,2939
22037,East Feliciana Parish,10042
22039,Evangeline Parish,14882
22041,Franklin Parish,9162
22043,Grant Parish,8821
22045,Iberia Parish,32454
22047,Iberville Parish,16043
22049,Jackson Parish,7464
22051,Jefferson Parish,181639
22053,Jefferson Davis Parish,14277
22055,Lafayette Parish,105603
22057,Lafourche Parish,41645
22059,LaSalle Parish,6569
22061,Lincoln Parish,18669
22063,Livingston Parish,57730
22065,Madison Parish,4732
22067,Morehouse Parish,11852
22069,Natchitoches Parish,16621
22071,Orleans Parish,165812
22073,Ouachita Parish,68017
22075,Plaquemines Parish,10573
22077,Pointe Coupee Parish,11761
22079,Rapides Parish,56844
22081,Red River Parish,4422
22083,Richland Parish,9597
22085,Sabine Parish,9787
22087,St. Bernard Parish,15815
22089,St. Charles Parish,26192
22091,St. Helena Parish,5964
22093,St. James Parish,12085
22095,St. John the Baptist Parish,20743
22097,St. Landry Parish,39977
22099,St. Martin Parish,25750
22101,St. Mary Parish,22877
22103,St. Tammany Parish,124392
22105,Tangipahoa Parish,52416
22107,Tensas Parish,2548
22109,Terrebonne Parish,43896
22111,Union Parish,10894
22113,Vermilion Parish,25632
22115,Vernon Parish,16633
22117,Washington Parish,18628
22119,Webster Parish,18145
22121,West Baton Rouge Parish,12712
22123,West Carroll Parish,4759
22125,West Feliciana Parish,5799
22127,Winn Parish,6372
23,Maine,743941
23001,Androscoggin County,55601
23003,Aroostook County,35097
23005,Cumberland County,171818
23007,Franklin County,16488
23009,Hancock County,32130
23011,Kennebec County,66208
23013,Knox County,23147
23015,Lincoln County,21503
23017,Oxford County,31201
23019,Penobscot County,80540
23021,Piscataquis County,9182
23023,Sagadahoc County,21616
23025,Somerset County,26064
23027,Waldo County,22707
23029,Washington County,16365
23031,York County,114274
24,Maryland,2781446
24001,Allegany County,30654
24003,Anne Arundel County,270081
24005,Baltimore County,390682
24009,Calvert County,47408
24011,Caroline County,14113
24013,Carroll County,91848
24015,Cecil County,45269
24017,Charles County,78303
24019,Dorchester County,15225
24021,Frederick County,125677
24023,Garrett County,14011
24025,Harford County,133672
24027,Howard County,162193
24029,Kent County,10021
24031,Montgomery County,478873
24033,Prince George's County,390385
24035,Queen Anne's County,26523
24037,St. Mary's County,49842
24039,Somerset County,9900
24041,Talbot County,20553
24043,Washington County,65991
24045,Wicomico County,42547
24047,Worcester County,28273
24510,Baltimore city,239402
25,Massachusetts,3325046
25001,Barnstable County,135781
25003,Berkshire County,65617
25005,Bristol County,252140
25007,Dukes County,11674
25009,Essex County,385370
25011,Franklin County,38821
25013,Hampden County,206101
25015,Hampshire County,84193
25017,Middlesex County,796735
25019,Nantucket County,6508
25021,Norfolk County,367695
25023,Plymouth County,271177
25025,Suffolk County,313283
25027,Worcester County,389951
26,Michigan,4799284
26001,Alcona County,6198
26003,Alger County,4518
26005,Allegan County,55786
26007,Alpena County,14698
26009,Antrim County,13582
26011,Arenac County,7696
26013,Baraga County,3490
26015,Barry County,30329
26017,Bay County,52977
26019,Benzie County,10228
26021,Berrien County,72031
26023,Branch County,17663
26025,Calhoun County,58902
26027,Cass County,22595
26029,Charlevoix County,14589
26031,Cheboygan County,13672
26033,Chippewa County,15456
26035,Clare County,13389
26037,Clinton County,40655
26039,Crawford County,6844
26041,Delta County,18492
26043,Dickinson County,13165
26045,Eaton County,56221
26047,Emmet County,18802
26049,Genesee County,196296
26051,Gladwin County,12472
26053,Gogebic County,7329
26055,Grand Traverse County,51589
26057,Gratiot County,16465
26059,Hillsdale County,19940
26061,Houghton County,15624
26063,Huron County,15917
26065,Ingham County,131138
26067,Ionia County,26854
26069,Iosco County,13361
26071,Iron County,5910
26073,Isabella County,25392
26075,Jackson County,69677
26077,Kalamazoo County,126299
26079,Kalkaska County,8833
26081,Kent County,308184
26083,Keweenaw County,1434
26085,Lake County,5328
26087,Lapeer County,45183
26089,Leelanau County,14757
26091,Lenawee County,45939
26093,Livingston County,105866
26095,Luce County,2579
26097,Mackinac County,6097
26099,Macomb County,419312
26101,Manistee County,12599
26103,Marquette County,32976
26105,Mason County,14685
26107,Mecosta County,17168
26109,Menominee County,10768
26111,Midland County,42506
26113,Missaukee County,7317
26115,Monroe County,74218
26117,Montcalm County,26609
26119,Montmorency County,5009
26121,Muskegon County,78088
26123,Newaygo County,22640
26125,Oakland County,664614
26127,Oceana County,11930
26129,Ogemaw County,10387
26131,Ontonagon County,3426
26133,Osceola County,10609
26135,Oscoda County,4073
26137,Otsego County,12538
26139,Ottawa County,142734
26141,Presque Isle County,7218
26143,Roscommon County,13041
26145,Saginaw County,94320
26147,St. Clair County,78003
26149,St. Joseph County,23757
26151,Sanilac County,19249
26153,Schoolcraft County,4154
26155,Shiawassee County,34111
26157,Tuscola County,25796
26159,Van Buren County,33274
26161,Washtenaw County,188578
26163,Wayne County,777838
26165,Wexford County,15298
27,Minnesota,NaN
27137,St. Louis County,
28,Mississippi,1209357
28001,Adams County,13836
28003,Alcorn County,14783
28005,Amite County,7050
28007,Attala County,8256
28009,Benton County,4013
28011,Bolivar County,13824
28013,Calhoun County,6396
28015,Carroll County,5528
28017,Chickasaw County,7890
28019,Choctaw County,4065
28021,Claiborne County,4272
28023,Clarke County,7791
28025,Clay County,10003
28027,Coahoma County,8912
28029,Copiah County,12982
28031,Covington County,8811
28033,DeSoto County,65695
28035,Forrest County,28064
28037,Franklin County,4290
28039,George County,9891
28041,Greene County,5369
28043,Grenada County,10513
28045,Hancock County,17637
28047,Harrison County,63313
28049,Hinds County,94681
28051,Holmes County,8076
28053,Humphreys County,4253
28055,Issaquena County,699
28057,Itawamba County,9737
28059,Jackson County,49567
28061,Jasper County,8475
28063,Jefferson County,3860
28065,Jefferson Davis County,6237
28067,Jones County,28352
28069,Kemper County,4639
28071,Lafayette County,19643
28073,Lamar County,24592
28075,Lauderdale County,29506
28077,Lawrence County,6364
28079,Leake County,8449
28081,Lee County,32913
28083,Leflore County,11140
28085,Lincoln County,15193
28087,Lowndes County,25575
28089,Madison County,49802
28091,Marion County,11693
28093,Marshall County,14839
28095,Monroe County,15884
28097,Montgomery County,4996
28099,Neshoba County,10553
28101,Newton County,9438
28103,Noxubee County,5574
28105,Oktibbeha County,18124
28107,Panola County,15064
28109,Pearl River County,21883
28111,Perry County,5432
28113,Pike County,16310
28115,Pontotoc County,12984
28117,Prentiss County,9872
28119,Quitman County,3365
28121,Rankin County,62768
28123,Scott County,10522
28125,Sharkey County,2190
28127,Simpson County,11419
28129,Smith County,7627
28131,Stone County,7045
28133,Sunflower County,9598
28135,Tallahatchie County,5870
28137,Tate County,11627
28139,Tippah County,9235
28141,Tishomingo County,8371
28143,Tunica County,3567
28145,Union County,11496
28147,Walthall County,6919
28149,Warren County,19416
28151,Washington County,16825
28153,Wayne County,9599
28155,Webster County,5069
28157,Wilkinson County,4218
28159,Winston County,8881
28161,Yalobusha County,6077
28163,Yazoo County,10070
29,Missouri,2808605
29001,Adair County,10226
29003,Andrew County,9140
29005,Atchison County,2730
29007,Audrain County,10061
29009,Barry County,14605
29011,Barton County,5939
29013,Bates County,8031
29015,Benton County,9590
29017,Bollinger County,5676
29019,Boone County,83868
29021,Buchanan County,35659
29023,Butler County,17259
29025,Caldwell County,4312
29027,Callaway County,19193
29029,Camden County,22514
29031,Cape Girardeau County,37038
29033,Carroll County,4361
29035,Carter County,2850
29037,Cass County,50990
29039,Cedar County,6288
29041,Chariton County,3969
29043,Christian County,41531
29045,Clark County,3316
29047,Clay County,110176
29049,Clinton County,10208
29051,Cole County,37374
29053,Cooper County,7986
29055,Crawford County,9920
29057,Dade County,3951
29059,Dallas County,7453
29061,Daviess County,3738
29063,DeKalb County,4594
29065,Dent County,6791
29067,Douglas County,6666
29069,Dunklin County,10578
29071,Franklin County,50113
29073,Gasconade County,7451
29075,Gentry County,3043
29077,Greene County,129231
29079,Grundy County,4428
29081,Harrison County,3689
29083,Henry County,9866
29085,Hickory County,4724
29087,Holt County,2355
29089,Howard County,4868
29091,Howell County,17455
29093,Iron County,4269
29095,Jackson County,301876
29097,Jasper County,48326
29099,Jefferson County,106238
29101,Johnson County,21132
29103,Knox County,1870
29105,Laclede County,16051
29107,Lafayette County,15876
29109,Lawrence County,16715
29111,Lewis County,4456
29113,Lincoln County,24962
29115,Linn County,5587
29117,Livingston County,6421
29119,McDonald County,8242
29121,Macon County,7631
29123,Madison County,5321
29125,Maries County,4500
29127,Marion County,12938
29129,Mercer County,1745
29131,Miller County,11416
29133,Mississippi County,5169
29135,Moniteau County,6830
29137,Monroe County,4156
29139,Montgomery County,5429
29141,Morgan County,8821
29143,New Madrid County,7357
29145,Newton County,26606
29147,Nodaway County,9458
29149,Oregon County,4668
29151,Osage County,7090
29153,Ozark County,4505
29155,Pemiscot County,6027
29157,Perry County,8740
29159,Pettis County,18111
29161,Phelps County,18553
29163,Pike County,7382
29165,Platte County,49100
29167,Polk County,13763
29169,Pulaski County,13488
29171,Putnam County,2346
29173,Ralls County,5266
29175,Randolph County,10309
29177,Ray County,10869
29179,Reynolds County,3038
29181,Ripley County,5524
29183,St. Charles County,201005
29185,St. Clair County,4630
29186,Ste. Genevieve County,8469
29187,St. Francois County,24728
29189,St. Louis County,514858
29195,Saline County,9274
29197,Schuyler County,1936
29199,Scotland County,1968
29201,Scott County,17256
29203,Shannon County,3904
29205,Shelby County,3255
29207,Stoddard County,13291
29209,Stone County,16567
29211,Sullivan County,2486
29213,Taney County,23515
29215,Texas County,10956
29217,Vernon County,8599
29219,Warren County,15784
29221,Washington County,9282
29223,Wayne County,5762
29225,Webster County,16743
29227,Worth County,1046
29229,Wright County,8119
29510,St. Louis city,131191
30,Montana,494526
30001,Beaverhead County,4849
30003,Big Horn County,4224
30005,Blaine County,2671
30007,Broadwater County,3132
30009,Carbon County,5967
30011,Carter County,779
30013,Cascade County,34384
30015,Chouteau County,2589
30017,Custer County,5185
30019,Daniels County,955
30021,Dawson County,4331
30023,Deer Lodge County,4194
30025,Fallon County,1484
30027,Fergus County,5840
30029,Flathead County,46494
30031,Gallatin County,53292
30033,Garfield County,716
30035,Glacier County,5061
30037,Golden Valley County,471
30039,Granite County,1775
30041,Hill County,6426
30043,Jefferson County,6668
30045,Judith Basin County,1201
30047,Lake County,13110
30049,Lewis and Clark County,34245
30051,Liberty County,956
30053,Lincoln County,9284
30055,McCone County,1060
30057,Madison County,4743
30059,Meagher County,975
30061,Mineral County,2003
30063,Missoula County,59026
30065,Musselshell County,2416
30067,Park County,9306
30069,Petroleum County,322
30071,Phillips County,2161
30073,Pondera County,2716
30075,Powder River County,1051
30077,Powell County,2794
30079,Prairie County,689
30081,Ravalli County,22346
30083,Richland County,4847
30085,Roosevelt County,3648
30087,Rosebud County,3440
30089,Sanders County,5910
30091,Sheridan County,1832
30093,Silver Bow County,16439
30095,Stillwater County,4866
30097,Sweet Grass County,2100
30099,Teton County,3179
30101,Toole County,2030
30103,Treasure County,443
30105,Valley County,3876
30107,Wheatland County,944
30109,Wibaux County,537
30111,Yellowstone County,68544
31,Nebraska,844227
31001,Adams County,13513
31003,Antelope County,3281
31005,Arthur County,273
31007,Banner County,402
31009,Blaine County,317
31011,Boone County,2905
31013,Box Butte County,4924
31015,Boyd County,1156
31017,Brown County,1597
31019,Buffalo County,21129
31021,Burt County,3558
31023,Butler County,3981
31025,Cass County,12933
31027,Cedar County,4420
31029,Chase County,1898
31031,Cherry County,3118
31033,Cheyenne County,4711
31035,Clay County,3065
31037,Colfax County,3214
31039,Cuming County,4074
31041,Custer County,5652
31043,Dakota County,6279
31045,Dawes County,3676
31047,Dawson County,8635
31049,Deuel County,984
31051,Dixon County,2782
31053,Dodge County,15529
31055,Douglas County,240433
31057,Dundy County,953
31059,Fillmore County,2941
31061,Franklin County,1673
31063,Frontier County,1328
31065,Furnas County,2340
31067,Gage County,10048
31069,Garden County,1075
31071,Garfield County,980
31073,Gosper County,1010
31075,Grant County,405
31077,Greeley County,1175
31079,Hall County,22060
31081,Hamilton County,5004
31083,Harlan County,1832
31085,Hayes County,514
31087,Hitchcock County,1468
31089,Holt County,5118
31091,Hooker County,417
31093,Howard County,2994
31095,Jefferson County,3494
31097,Johnson County,2089
31099,Kearney County,3296
31101,Keith County,4034
31103,Keya Paha County,519
31105,Kimball County,1677
31107,Knox County,4115
31109,Lancaster County,136223
31111,Lincoln County,16131
31113,Logan County,453
31115,Loup County,385
31117,McPherson County,287
31119,Madison County,14343
31121,Merrick County,3788
31123,Morrill County,2209
31125,Nance County,1621
31127,Nemaha County,3161
31129,Nuckolls County,2205
31131,Otoe County,7457
31133,Pawnee County,1327
31135,Perkins County,1455
31137,Phelps County,4695
31139,Pierce County,3630
31141,Platte County,14433
31143,Polk County,2582
31145,Red Willow County,5170
31147,Richardson County,3805
31149,Rock County,798
31151,Saline County,5136
31153,Sarpy County,80580
31155,Saunders County,10860
31157,Scotts Bluff County,14317
31159,Seward County,7922
31161,Sheridan County,2608
31163,Sherman County,1573
31165,Sioux County,736
31167,Stanton County,2801
31169,Thayer County,2690
31171,Thomas County,393
31173,Thurston County,2088
31175,Valley County,2205
31177,Washington County,10832
31179,Wayne County,3776
31181,Webster County,1708
31183,Wheeler County,465
31185,York County,6381
32,Nevada,1125385
32001,Churchill County,10938
32003,Clark County,767156
32005,Douglas County,27885
32007,Elko County,18559
32009,Esmeralda County,423
32011,Eureka County,854
32013,Humboldt County,6433
32015,Lander County,2413
32017,Lincoln County,2132
32019,Lyon County,23762
32021,Mineral County,1997
32023,Nye County,19595
32027,Pershing County,1982
32029,Storey County,2558
32031,Washoe County,209909
32033,White Pine County,3773
32510,Carson City,25016
33,New Hampshire,732267
33001,Belknap County,34558
33003,Carroll County,29102
33005,Cheshire County,41121
33007,Coos County,15284
33009,Grafton County,50115
33011,Hillsborough County,210746
33013,Merrimack County,82064
33015,Rockingham County,179168
33017,Strafford County,67980
33019,Sullivan County,22129
34,New Jersey,3874046
34001,Atlantic County,117291
34003,Bergen County,419296
34005,Burlington County,218943
34007,Camden County,226592
34009,Cape May County,48722
34011,Cumberland County,54004
34013,Essex County,310934
34015,Gloucester County,139542
34017,Hudson County,219375
34019,Hunterdon County,70836
34021,Mercer County,156529
34023,Middlesex County,326102
34025,Monmouth County,314377
34027,Morris County,250416
34029,Ocean County,274362
34031,Passaic County,194802
34033,Salem County,29494
34035,Somerset County,157092
34037,Sussex County,74126
34039,Union County,221975
34041,Warren County,49236
35,New Mexico,798318
35001,Bernalillo County,274662
35003,Catron County,2049
35005,Chaves County,20271
35006,Cibola County,8063
35007,Colfax County,5332
35009,Curry County,13370
35011,De Baca County,910
35013,Do√±a Ana County,70648
35015,Eddy County,19667
35017,Grant County,12811
35019,Guadalupe County,1827
35021,Harding County,527
35023,Hidalgo County,1872
35025,Lea County,17712
35027,Lincoln County,8902
35028,Los Alamos County,10885
35029,Luna County,7295
35031,McKinley County,21703
35033,Mora County,2441
35035,Otero County,20059
35037,Quay County,3572
35039,Rio Arriba County,14878
35041,Roosevelt County,5950
35043,Sandoval County,61690
35045,San Juan County,46110
35047,San Miguel County,10751
35049,Santa Fe County,71434
35051,Sierra County,5181
35053,Socorro County,6868
35055,Taos County,15260
35057,Torrance County,6324
35059,Union County,1702
35061,Valencia County,27592
36,New York,7670039
36001,Albany County,138463
36003,Allegany County,18426
36005,Bronx County,398250
36007,Broome County,85205
36009,Cattaraugus County,30954
36011,Cayuga County,32859
36013,Chautauqua County,53749
36015,Chemung County,35856
36017,Chenango County,19989
36019,Clinton County,31501
36021,Columbia County,30658
36023,Cortland County,20005
36025,Delaware County,19649
36027,Dutchess County,129999
36029,Erie County,423625
36031,Essex County,16916
36033,Franklin County,16640
36035,Fulton County,21068
36037,Genesee County,26255
36039,Greene County,21550
36041,Hamilton County,3176
36043,Herkimer County,26255
36045,Jefferson County,37939
36047,Kings County,801054
36049,Lewis County,11184
36051,Livingston County,29729
36053,Madison County,29716
36055,Monroe County,343854
36057,Montgomery County,18907
36059,Nassau County,642933
36061,New York County,663843
36063,Niagara County,91801
36065,Oneida County,90356
36067,Onondaga County,207816
36069,Ontario County,52000
36071,Orange County,151120
36073,Orleans County,16300
36075,Oswego County,47783
36077,Otsego County,25415
36079,Putnam County,48208
36081,Queens County,683483
36083,Rensselaer County,70892
36085,Richmond County,180074
36087,Rockland County,134078
36089,St. Lawrence County,38761
36091,Saratoga County,112488
36093,Schenectady County,66610
36095,Schoharie County,13891
36097,Schuyler County,8690
36099,Seneca County,13836
36101,Steuben County,41711
36103,Suffolk County,677151
36105,Sullivan County,29761
36107,Tioga County,22107
36109,Tompkins County,42053
36111,Ulster County,84522
36113,Warren County,31041
36115,Washington County,23877
36117,Wayne County,39360
36119,Westchester County,417166
36121,Wyoming County,17516
36123,Yates County,9965
37,North Carolina,4739292
37001,Alamance County,71127
37003,Alexander County,18198
37005,Alleghany County,5315
37007,Anson County,10545
37009,Ashe County,13425
37011,Avery County,8249
37013,Beaufort County,23936
37015,Bertie County,9347
37017,Bladen County,15819
37019,Brunswick County,68348
37021,Buncombe County,138891
37023,Burke County,38920
37025,Cabarrus County,93245
37027,Caldwell County,36320
37029,Camden County,5006
37031,Carteret County,37781
37033,Caswell County,11071
37035,Catawba County,72351
37037,Chatham County,39849
37039,Cherokee County,14181
37041,Chowan County,7228
37043,Clay County,6010
37045,Cleveland County,44665
37047,Columbus County,23713
37049,Craven County,46991
37051,Cumberland County,127506
37053,Currituck County,12669
37055,Dare County,19896
37057,Davidson County,74835
37059,Davie County,21756
37061,Duplin County,20845
37063,Durham County,156006
37065,Edgecombe County,24886
37067,Forsyth County,177786
37069,Franklin County,30368
37071,Gaston County,96431
37073,Gates County,5392
37075,Graham County,4018
37077,Granville County,27353
37079,Greene County,8095
37081,Guilford County,257405
37083,Halifax County,25167
37085,Harnett County,46065
37087,Haywood County,30727
37089,Henderson County,58174
37091,Hertford County,10186
37093,Hoke County,18184
37095,Hyde County,2304
37097,Iredell County,82567
37099,Jackson County,18382
37101,Johnston County,85507
37103,Jones County,5135
37105,Lee County,25084
37107,Lenoir County,26029
37109,Lincoln County,40023
37111,McDowell County,19875
37113,Macon County,17734
37115,Madison County,11269
37117,Martin County,11964
37119,Mecklenburg County,472857
37121,Mitchell County,8096
37123,Montgomery County,11540
37125,Moore County,48687
37127,Nash County,47664
37129,New Hanover County,111897
37131,Northampton County,9848
37133,Onslow County,57135
37135,Orange County,82340
37137,Pamlico County,6870
37139,Pasquotank County,17391
37141,Pender County,27885
37143,Perquimans County,6708
37145,Person County,19614
37147,Pitt County,80527
37149,Polk County,10934
37151,Randolph County,64575
37153,Richmond County,19328
37155,Robeson County,40858
37157,Rockingham County,42278
37159,Rowan County,64369
37161,Rutherford County,30308
37163,Sampson County,25928
37165,Scotland County,13928
37167,Stanly County,29917
37169,Stokes County,22550
37171,Surry County,32196
37173,Swain County,6123
37175,Transylvania County,17869
37177,Tyrrell County,1739
37179,Union County,105706
37181,Vance County,19977
37183,Wake County,527337
37185,Warren County,9850
37187,Washington County,6164
37189,Watauga County,29985
37191,Wayne County,50688
37193,Wilkes County,31296
37195,Wilson County,38135
37197,Yadkin County,17624
37199,Yancey County,9960
38,North Dakota,344420
38001,Adams County,1218
38003,Barnes County,5344
38005,Benson County,2011
38007,Billings County,605
38009,Bottineau County,3494
38011,Bowman County,1787
38013,Burke County,1052
38015,Burleigh County,47979
38017,Cass County,80821
38019,Cavalier County,2006
38021,Dickey County,2407
38023,Divide County,1219
38025,Dunn County,2243
38027,Eddy County,1231
38029,Emmons County,1981
38031,Foster County,1719
38033,Golden Valley County,957
38035,Grand Forks County,30365
38037,Grant County,1381
38039,Griggs County,1265
38041,Hettinger County,1296
38043,Kidder County,1376
38045,LaMoure County,2151
38047,Logan County,1067
38049,McHenry County,2820
38051,McIntosh County,1446
38053,McKenzie County,4672
38055,McLean County,5315
38057,Mercer County,4682
38059,Morton County,15832
38061,Mountrail County,4106
38063,Nelson County,1717
38065,Oliver County,1017
38067,Pembina County,3153
38069,Pierce County,2071
38071,Ramsey County,5305
38073,Ransom County,2359
38075,Renville County,1293
38077,Richland County,7592
38079,Rolette County,3755
38081,Sargent County,1997
38083,Sheridan County,787
38085,Sioux County,1232
38087,Slope County,430
38089,Stark County,12322
38091,Steele County,999
38093,Stutsman County,10155
38095,Towner County,1157
38097,Traill County,3993
38099,Walsh County,4636
38101,Ward County,27412
38103,Wells County,2383
38105,Williams County,12807
39,Ohio,5496487
39001,Adams County,11359
39003,Allen County,45894
39005,Ashland County,24590
39007,Ashtabula County,40867
39009,Athens County,29443
39011,Auglaize County,23627
39013,Belmont County,31122
39015,Brown County,19607
39017,Butler County,173839
39019,Carroll County,13074
39021,Champaign County,18104
39023,Clark County,61429
39025,Clermont County,99121
39027,Clinton County,18675
39029,Columbiana County,46201
39031,Coshocton County,15552
39033,Crawford County,19237
39035,Cuyahoga County,603822
39037,Darke County,25484
39039,Defiance County,18192
39041,Delaware County,103860
39043,Erie County,37578
39045,Fairfield County,72913
39047,Fayette County,11162
39049,Franklin County,581140
39051,Fulton County,21225
39053,Gallia County,12931
39055,Geauga County,49941
39057,Greene County,81858
39059,Guernsey County,16557
39061,Hamilton County,409109
39063,Hancock County,36023
39065,Hardin County,12294
39067,Harrison County,7079
39069,Henry County,13932
39071,Highland County,18501
39073,Hocking County,12838
39075,Holmes County,11054
39077,Huron County,24834
39079,Jackson County,13693
39081,Jefferson County,32201
39083,Knox County,28687
39085,Lake County,116246
39087,Lawrence County,26607
39089,Licking County,82761
39091,Logan County,21571
39093,Lorain County,140562
39095,Lucas County,197556
39097,Madison County,17290
39099,Mahoning County,115072
39101,Marion County,26322
39103,Medina County,91373
39105,Meigs County,9985
39107,Mercer County,21726
39109,Miami County,52734
39111,Monroe County,6795
39113,Montgomery County,258301
39115,Morgan County,6443
39117,Morrow County,16548
39119,Muskingum County,36991
39121,Noble County,6013
39123,Ottawa County,22218
39125,Paulding County,9047
39127,Perry County,14995
39129,Pickaway County,24745
39131,Pike County,11879
39133,Portage County,76139
39135,Preble County,20565
39137,Putnam County,18767
39139,Richland County,55214
39141,Ross County,30380
39143,Sandusky County,28044
39145,Scioto County,30784
39147,Seneca County,23987
39149,Shelby County,23740
39151,Stark County,175239
39153,Summit County,257979
39155,Trumbull County,96029
39157,Tuscarawas County,41289
39159,Union County,27429
39161,Van Wert County,13770
39163,Vinton County,5502
39165,Warren County,117267
39167,Washington County,29840
39169,Wayne County,49853
39171,Williams County,17308
39173,Wood County,64341
39175,Wyandot County,10592
40,Oklahoma,1452992
40001,Adair County,6513
40003,Alfalfa County,2253
40005,Atoka County,5018
40007,Beaver County,2243
40009,Beckham County,7552
40011,Blaine County,3793
40013,Bryan County,13818
40015,Caddo County,9348
40017,Canadian County,55278
40019,Carter County,18534
40021,Cherokee County,16490
40023,Choctaw County,5426
40025,Cimarron County,1079
40027,Cleveland County,109450
40029,Coal County,2399
40031,Comanche County,32564
40033,Cotton County,2602
40035,Craig County,5785
40037,Creek County,28830
40039,Custer County,10541
40041,Delaware County,15716
40043,Dewey County,2248
40045,Ellis County,1827
40047,Garfield County,21710
40049,Garvin County,10546
40051,Grady County,22286
40053,Grant County,2201
40055,Greer County,1896
40057,Harmon County,977
40059,Harper County,1499
40061,Haskell County,4738
40063,Hughes County,4526
40065,Jackson County,7806
40067,Jefferson County,2350
40069,Johnston County,4018
40071,Kay County,16803
40073,Kingfisher County,6131
40075,Kiowa County,3493
40077,Latimer County,4056
40079,Le Flore County,17221
40081,Lincoln County,14025
40083,Logan County,18979
40085,Love County,3789
40087,McClain County,16858
40089,McCurtain County,10726
40091,McIntosh County,7963
40093,Major County,3407
40095,Marshall County,5492
40097,Mayes County,15717
40099,Murray County,5528
40101,Muskogee County,24216
40103,Noble County,4878
40105,Nowata County,4237
40107,Okfuskee County,3943
40109,Oklahoma County,273943
40111,Okmulgee County,13949
40113,Osage County,18966
40115,Ottawa County,10690
40117,Pawnee County,6364
40119,Payne County,27760
40121,Pittsburg County,17271
40123,Pontotoc County,14831
40125,Pottawatomie County,25452
40127,Pushmataha County,4483
40129,Roger Mills County,1759
40131,Rogers County,40862
40133,Seminole County,8037
40135,Sequoyah County,14437
40137,Stephens County,17904
40139,Texas County,5780
40141,Tillman County,2706
40143,Tulsa County,247054
40145,Wagoner County,31300
40147,Washington County,22224
40149,Washita County,4631
40151,Woods County,3668
40153,Woodward County,7595
41,Oregon,2001336
41001,Baker County,8779
41003,Benton County,48753
41005,Clackamas County,214039
41007,Clatsop County,19664
41009,Columbia County,26618
41011,Coos County,31313
41013,Crook County,12172
41015,Curry County,12611
41017,Deschutes County,98557
41019,Douglas County,53521
41021,Gilliam County,1019
41023,Grant County,4340
41025,Harney County,3974
41027,Hood River County,10910
41029,Jackson County,109327
41031,Jefferson County,9459
41033,Josephine County,44560
41035,Klamath County,30507
41037,Lake County,3930
41039,Lane County,191950
41041,Lincoln County,25256
41043,Linn County,58719
41045,Malheur County,10435
41047,Marion County,136840
41049,Morrow County,4167
41051,Multnomah County,399103
41053,Polk County,40295
41055,Sherman County,1017
41057,Tillamook County,13803
41059,Umatilla County,27597
41061,Union County,12968
41063,Wallowa County,4366
41065,Wasco County,11964
41067,Washington County,269232
41069,Wheeler County,818
41071,Yamhill County,48753
42,Pennsylvania,6115402
42001,Adams County,47489
42003,Allegheny County,650114
42005,Armstrong County,31618
42007,Beaver County,83571
42009,Bedford County,23637
42011,Berks County,183065
42013,Blair County,54909
42015,Bradford County,25708
42017,Bucks County,344297
42019,Butler County,97071
42021,Cambria County,63072
42023,Cameron County,2186
42025,Carbon County,28776
42027,Centre County,76148
42029,Chester County,268800
42031,Clarion County,17535
42033,Clearfield County,34271
42035,Clinton County,15394
42037,Columbia County,28228
42039,Crawford County,37492
42041,Cumberland County,121617
42043,Dauphin County,130872
42045,Delaware County,297634
42047,Elk County,14426
42049,Erie County,123679
42051,Fayette County,53767
42053,Forest County,2401
42055,Franklin County,69731
42057,Fulton County,6771
42059,Greene County,15764
42061,Huntingdon County,19706
42063,Indiana County,37770
42065,Jefferson County,19478
42067,Juniata County,10454
42069,Lackawanna County,103456
42071,Lancaster County,241112
42073,Lawrence County,40753
42075,Lebanon County,61845
42077,Lehigh County,160993
42079,Luzerne County,134983
42081,Lycoming County,50565
42083,McKean County,16296
42085,Mercer County,52309
42087,Mifflin County,18601
42089,Monroe County,69752
42091,Montgomery County,434687
42093,Montour County,8556
42095,Northampton County,143519
42097,Northumberland County,36622
42099,Perry County,21158
42101,Philadelphia County,707631
42103,Pike County,26101
42105,Potter County,7784
42107,Schuylkill County,62869
42109,Snyder County,16363
42111,Somerset County,35773
42113,Sullivan County,3136
42115,Susquehanna County,18863
42117,Tioga County,18325
42119,Union County,17468
42121,Venango County,23348
42123,Warren County,18434
42125,Washington County,101450
42127,Wayne County,24018
42129,Westmoreland County,182051
42131,Wyoming County,13144
42133,York County,205986
44,Rhode Island,463416
44001,Bristol County,25475
44003,Kent County,82053
44005,Newport County,41045
44007,Providence County,248474
44009,Washington County,66369
45,South Carolina,2103027
45001,Abbeville County,10775
45003,Aiken County,74851
45005,Allendale County,3592
45007,Anderson County,80483
45009,Bamberg County,6214
45011,Barnwell County,9485
45013,Beaufort County,78524
45015,Berkeley County,79517
45017,Calhoun County,7549
45019,Charleston County,176345
45021,Cherokee County,21759
45023,Chester County,14192
45025,Chesterfield County,16581
45027,Clarendon County,15395
45029,Colleton County,17251
45031,Darlington County,29674
45033,Dillon County,11698
45035,Dorchester County,62567
45037,Edgefield County,11644
45039,Fairfield County,11267
45041,Florence County,57931
45043,Georgetown County,31657
45045,Greenville County,215165
45047,Greenwood County,28763
45049,Hampton County,8806
45051,Horry County,132920
45053,Jasper County,11427
45055,Kershaw County,28995
45057,Lancaster County,38938
45059,Laurens County,26566
45061,Lee County,8156
45063,Lexington County,122093
45065,McCormick County,5216
45067,Marion County,14276
45069,Marlboro County,10389
45071,Newberry County,16807
45073,Oconee County,33635
45075,Orangeburg County,38910
45077,Pickens County,49049
45079,Richland County,168722
45081,Saluda County,8564
45083,Spartanburg County,121090
45085,Sumter County,44086
45087,Union County,12092
45089,Williamsburg County,15054
45091,York County,114357
46,South Dakota,370047
46003,Aurora County,1407
46005,Beadle County,6772
46007,Bennett County,1149
46009,Bon Homme County,2974
46011,Brookings County,12680
46013,Brown County,16113
46015,Brule County,2288
46017,Buffalo County,490
46019,Butte County,4346
46021,Campbell County,831
46023,Charles Mix County,3433
46025,Clark County,1657
46027,Clay County,5069
46029,Codington County,11669
46031,Corson County,1175
46033,Custer County,4716
46035,Davison County,7952
46037,Day County,2747
46039,Deuel County,2080
46041,Dewey County,1707
46043,Douglas County,1605
46045,Edmunds County,1918
46047,Fall River County,3563
46049,Faulk County,1118
46051,Grant County,3562
46053,Gregory County,2091
46055,Haakon County,1044
46057,Hamlin County,2762
46059,Hand County,1818
46061,Hanson County,2006
46063,Harding County,769
46065,Hughes County,8173
46067,Hutchinson County,3365
46069,Hyde County,690
46071,Jackson County,1095
46073,Jerauld County,967
46075,Jones County,558
46077,Kingsbury County,2551
46079,Lake County,6786
46081,Lawrence County,11842
46083,Lincoln County,25231
46085,Lyman County,1421
46087,McCook County,2587
46089,McPherson County,1137
46091,Marshall County,1947
46093,Meade County,11621
46095,Mellette County,683
46097,Miner County,1064
46099,Minnehaha County,78263
46101,Moody County,2930
46102,Oglala Lakota County,2896
46103,Pennington County,47741
46105,Perkins County,1606
46107,Potter County,1335
46109,Roberts County,3886
46111,Sanborn County,1123
46115,Spink County,2951
46117,Stanley County,1567
46119,Sully County,861
46121,Todd County,2125
46123,Tripp County,2630
46125,Turner County,4150
46127,Union County,7895
46129,Walworth County,2477
46135,Yankton County,9616
46137,Ziebach County,766
47,Tennessee,2508027
47001,Anderson County,29881
47003,Bedford County,15355
47005,Benton County,6328
47007,Bledsoe County,4664
47009,Blount County,52208
47011,Bradley County,38666
47013,Campbell County,12532
47015,Cannon County,5314
47017,Carroll County,10384
47019,Carter County,21084
47021,Cheatham County,15924
47023,Chester County,6507
47025,Claiborne County,10740
47027,Clay County,2920
47029,Cocke County,12126
47031,Coffee County,19971
47033,Crockett County,5397
47035,Cumberland County,26360
47037,Davidson County,249068
47039,Decatur County,4592
47041,DeKalb County,6955
47043,Dickson County,18699
47045,Dyer County,13336
47047,Fayette County,19394
47049,Fentress County,7333
47051,Franklin County,16404
47053,Gibson County,19547
47055,Giles County,11137
47057,Grainger County,8008
47059,Greene County,23583
47061,Grundy County,4763
47063,Hamblen County,20692
47065,Hamilton County,142408
47067,Hancock County,2231
47069,Hardeman County,9273
47071,Hardin County,9949
47073,Hawkins County,20774
47075,Haywood County,6834
47077,Henderson County,10217
47079,Henry County,12945
47081,Hickman County,7813
47083,Houston County,3168
47085,Humphreys County,7153
47087,Jackson County,4466
47089,Jefferson County,19072
47091,Johnson County,6579
47093,Knox County,180697
47095,Lake County,1970
47097,Lauderdale County,8087
47099,Lawrence County,15666
47101,Lewis County,4622
47103,Lincoln County,13348
47105,Loudon County,23391
47107,McMinn County,18755
47109,McNairy County,10038
47111,Macon County,7504
47113,Madison County,38120
47115,Marion County,10862
47117,Marshall County,11455
47119,Maury County,35369
47121,Meigs County,4320
47123,Monroe County,17093
47125,Montgomery County,57620
47127,Moore County,2926
47129,Morgan County,6705
47131,Obion County,12249
47133,Overton County,8229
47135,Perry County,2855
47137,Pickett County,2615
47139,Polk County,6520
47141,Putnam County,27212
47143,Rhea County,11062
47145,Roane County,21669
47147,Robertson County,27113
47149,Rutherford County,107436
47151,Scott County,7123
47153,Sequatchie County,5694
47155,Sevier County,36312
47157,Shelby County,337383
47159,Smith County,7436
47161,Stewart County,5299
47163,Sullivan County,62278
47165,Sumner County,71505
47167,Tipton County,23481
47169,Trousdale County,3160
47171,Unicoi County,7195
47173,Union County,6247
47175,Van Buren County,2419
47177,Warren County,13612
47179,Washington County,49750
47181,Wayne County,5857
47183,Weakley County,12184
47185,White County,9825
47187,Williamson County,106271
47189,Wilson County,56734
48,Texas,8969226
48001,Anderson County,16977
48003,Andrews County,4943
48005,Angelina County,29911
48007,Aransas County,10512
48009,Archer County,4283
48011,Armstrong County,1021
48013,Atascosa County,13673
48015,Austin County,12274
48017,Bailey County,1793
48019,Bandera County,10218
48021,Bastrop County,28454
48023,Baylor County,1499
48025,Bee County,8485
48027,Bell County,94994
48029,Bexar County,589645
48031,Blanco County,5685
48033,Borden County,365
48035,Bosque County,7838
48037,Bowie County,34602
48039,Brazoria County,121181
48041,Brazos County,67211
48043,Brewster County,4252
48045,Briscoe County,736
48047,Brooks County,2596
48049,Brown County,14026
48051,Burleson County,6960
48053,Burnet County,19204
48055,Caldwell County,12092
48057,Calhoun County,6965
48059,Callahan County,5579
48061,Cameron County,92079
48063,Camp County,4542
48065,Carson County,2964
48067,Cass County,12344
48069,Castro County,1997
48071,Chambers County,16786
48073,Cherokee County,16790
48075,Childress County,2084
48077,Clay County,5018
48079,Cochran County,901
48081,Coke County,1423
48083,Coleman County,3643
48085,Collin County,361419
48087,Collingsworth County,1156
48089,Colorado County,8513
48091,Comal County,62178
48093,Comanche County,5237
48095,Concho County,1068
48097,Cooke County,15955
48099,Coryell County,18253
48101,Cottle County,612
48103,Crane County,1384
48105,Crockett County,1395
48107,Crosby County,1728
48109,Culberson County,767
48111,Dallam County,1544
48113,Dallas County,758973
48115,Dawson County,3563
48117,Deaf Smith County,4216
48119,Delta County,2281
48121,Denton County,298645
48123,DeWitt County,6844
48125,Dickens County,909
48127,Dimmit County,3225
48129,Donley County,1465
48131,Duval County,4168
48133,Eastland County,6963
48135,Ector County,36530
48137,Edwards County,1073
48139,Ellis County,63673
48141,El Paso County,214008
48143,Erath County,13893
48145,Falls County,5248
48147,Fannin County,12044
48149,Fayette County,11174
48151,Fisher County,1729
48153,Floyd County,1959
48155,Foard County,513
48157,Fort Bend County,262066
48159,Franklin County,4380
48161,Freestone County,7684
48163,Frio County,4400
48165,Gaines County,4620
48167,Galveston County,122903
48169,Garza County,1484
48171,Gillespie County,13214
48173,Glasscock County,604
48175,Goliad County,3708
48177,Gonzales County,6334
48179,Gray County,7405
48181,Grayson County,47416
48183,Gregg County,41749
48185,Grimes County,9533
48187,Guadalupe County,57822
48189,Hale County,8858
48191,Hall County,1091
48193,Hamilton County,3620
48195,Hansford County,1947
48197,Hardeman County,1513
48199,Hardin County,22780
48201,Harris County,1312112
48203,Harrison County,26548
48205,Hartley County,1952
48207,Haskell County,1770
48209,Hays County,72164
48211,Hemphill County,1695
48213,Henderson County,30045
48215,Hidalgo County,173437
48217,Hill County,12970
48219,Hockley County,7311
48221,Hood County,26262
48223,Hopkins County,13538
48225,Houston County,8353
48227,Howard County,8723
48229,Hudspeth County,871
48231,Hunt County,31554
48233,Hutchinson County,8155
48235,Irion County,766
48237,Jack County,3350
48239,Jackson County,5302
48241,Jasper County,13419
48243,Jeff Davis County,1191
48245,Jefferson County,87618
48247,Jim Hogg County,2119
48249,Jim Wells County,12379
48251,Johnson County,57606
48253,Jones County,5960
48255,Karnes County,4198
48257,Kaufman County,41265
48259,Kendall County,20120
48261,Kenedy County,186
48263,Kent County,434
48265,Kerr County,23297
48267,Kimble County,1952
48269,King County,159
48271,Kinney County,1430
48273,Kleberg County,9512
48275,Knox County,1367
48277,Lamar County,18611
48279,Lamb County,3995
48281,Lampasas County,8205
48283,La Salle County,2059
48285,Lavaca County,8661
48287,Lee County,6535
48289,Leon County,7439
48291,Liberty County,24267
48293,Limestone County,7739
48295,Lipscomb County,1332
48297,Live Oak County,4302
48299,Llano County,10447
48301,Loving County,65
48303,Lubbock County,99013
48305,Lynn County,2009
48307,McCulloch County,3103
48309,McLennan County,79075
48311,McMullen County,499
48313,Madison County,4289
48315,Marion County,4238
48317,Martin County,1762
48319,Mason County,2057
48321,Matagorda County,12196
48323,Maverick County,13588
48325,Medina County,17246
48327,Menard County,864
48329,Midland County,49212
48331,Milam County,8664
48333,Mills County,2245
48335,Mitchell County,2196
48337,Montague County,8604
48339,Montgomery County,204632
48341,Moore County,5284
48343,Morris County,4973
48345,Motley County,615
48347,Nacogdoches County,22622
48349,Navarro County,16433
48351,Newton County,5534
48353,Nolan County,4857
48355,Nueces County,104405
48357,Ochiltree County,3002
48359,Oldham County,948
48361,Orange County,32000
48363,Palo Pinto County,10270
48365,Panola County,10416
48367,Parker County,56817
48369,Parmer County,2466
48371,Pecos County,4185
48373,Polk County,19852
48375,Potter County,28651
48377,Presidio County,2208
48379,Rains County,4701
48381,Randall County,54305
48383,Reagan County,904
48385,Real County,1681
48387,Red River County,5161
48389,Reeves County,3184
48391,Refugio County,2948
48393,Roberts County,554
48395,Robertson County,7035
48397,Rockwall County,39948
48399,Runnels County,3782
48401,Rusk County,18994
48403,Sabine County,4651
48405,San Augustine County,3569
48407,San Jacinto County,10343
48409,San Patricio County,21656
48411,San Saba County,2357
48413,Schleicher County,1059
48415,Scurry County,5289
48417,Shackelford County,1504
48419,Shelby County,9086
48421,Sherman County,935
48423,Smith County,84768
48425,Somervell County,3897
48427,Starr County,11740
48429,Stephens County,3461
48431,Sterling County,633
48433,Stonewall County,701
48435,Sutton County,1416
48437,Swisher County,2204
48439,Tarrant County,668514
48441,Taylor County,45759
48443,Terrell County,438
48445,Terry County,3355
48447,Throckmorton County,808
48449,Titus County,9419
48451,Tom Green County,38479
48453,Travis County,468720
48455,Trinity County,5985
48457,Tyler County,8016
48459,Upshur County,16013
48461,Upton County,1347
48463,Uvalde County,8964
48465,Val Verde County,13617
48467,Van Zandt County,21890
48469,Victoria County,31123
48471,Walker County,19796
48473,Waller County,16784
48475,Ward County,3445
48477,Washington County,14828
48479,Webb County,56905
48481,Wharton County,14732
48483,Wheeler County,2306
48485,Wichita County,38119
48487,Wilbarger County,4105
48489,Willacy County,5095
48491,Williamson County,203081
48493,Wilson County,19432
48495,Winkler County,1876
48497,Wise County,24776
48499,Wood County,18727
48501,Yoakum County,2303
48503,Young County,7707
48505,Zapata County,3142
48507,Zavala County,3396
49,Utah,0
50,Vermont,313267
50001,Addison County,19031
50003,Bennington County,17381
50005,Caledonia County,14074
50007,Chittenden County,83416
50009,Essex County,2925
50011,Franklin County,21411
50013,Grand Isle County,4109
50015,Lamoille County,12762
50017,Orange County,14649
50019,Orleans County,12046
50021,Rutland County,29615
50023,Washington County,31086
50025,Windham County,22634
50027,Windsor County,28128
51,Virginia,3983011
51001,Accomack County,15818
51003,Albemarle County,56726
51005,Alleghany County,7325
51007,Amelia County,7040
51009,Amherst County,15396
51011,Appomattox County,8011
51013,Arlington County,121356
51015,Augusta County,36343
51017,Bath County,2253
51019,Bedford County,42525
51021,Bland County,3139
51023,Botetourt County,18739
51025,Brunswick County,7669
51027,Buchanan County,9247
51029,Buckingham County,7295
51031,Campbell County,27535
51033,Caroline County,14863
51035,Carroll County,13668
51036,Charles City County,4107
51037,Charlotte County,5808
51041,Chesterfield County,176461
51043,Clarke County,8213
51045,Craig County,2794
51047,Culpeper County,22218
51049,Cumberland County,4906
51051,Dickenson County,6440
51053,Dinwiddie County,13575
51057,Essex County,5408
51059,Fairfax County,551183
51061,Fauquier County,37467
51063,Floyd County,8051
51065,Fluvanna County,13597
51067,Franklin County,26971
51069,Frederick County,40440
51071,Giles County,8211
51073,Gloucester County,19619
51075,Goochland County,14037
51077,Grayson County,7285
51079,Greene County,9608
51081,Greensville County,4363
51083,Halifax County,17001
51085,Hanover County,62753
51087,Henrico County,163654
51089,Henry County,24106
51091,Highland County,1391
51093,Isle of Wight County,21075
51095,James City County,42813
51097,King and Queen County,3697
51099,King George County,12059
51101,King William County,9161
51103,Lancaster County,6645
51105,Lee County,9399
51107,Loudoun County,183097
51109,Louisa County,17631
51111,Lunenburg County,5586
51113,Madison County,6979
51115,Mathews County,5311
51117,Mecklenburg County,14945
51119,Middlesex County,6017
51121,Montgomery County,43031
51125,Nelson County,8318
51127,New Kent County,12242
51131,Northampton County,6172
51133,Northumberland County,7398
51135,Nottoway County,6744
51137,Orange County,17320
51139,Page County,10740
51141,Patrick County,8525
51143,Pittsylvania County,31598
51145,Powhatan County,16899
51147,Prince Edward County,9143
51149,Prince George County,16184
51153,Prince William County,196538
51155,Pulaski County,15167
51157,Rappahannock County,4483
51159,Richmond County,3661
51161,Roanoke County,51489
51163,Rockbridge County,10795
51165,Rockingham County,37487
51167,Russell County,12246
51169,Scott County,10100
51171,Shenandoah County,20513
51173,Smyth County,12890
51175,Southampton County,8878
51177,Spotsylvania County,62562
51179,Stafford County,65934
51181,Surry County,4228
51183,Sussex County,5044
51185,Tazewell County,18566
51187,Warren County,17960
51191,Washington County,25847
51193,Westmoreland County,8574
51195,Wise County,15163
51197,Wythe County,13343
51199,York County,34118
51510,Alexandria city,74512
51520,Bristol city,7032
51530,Buena Vista city,2407
51540,Charlottesville city,22472
51550,Chesapeake city,112685
51570,Colonial Heights city,8457
51580,Covington city,2382
51590,Danville city,18952
51595,Emporia city,2367
51600,Fairfax city,12030
51610,Falls Church city,7757
51620,Franklin city,4070
51630,Fredericksburg city,11264
51640,Galax city,2376
51650,Hampton city,62356
51660,Harrisonburg city,17963
51670,Hopewell city,9008
51678,Lexington city,2465
51680,Lynchburg city,35671
51683,Manassas city,15411
51685,Manassas Park city,5232
51690,Martinsville city,5907
51700,Newport News city,75715
51710,Norfolk city,83388
51720,Norton city,1460
51730,Petersburg city,13786
51735,Poquoson city,7177
51740,Portsmouth city,43265
51750,Radford city,6085
51760,Richmond city,103484
51770,Roanoke city,39466
51775,Salem city,12225
51790,Staunton city,11255
51800,Suffolk city,43240
51810,Virginia Beach city,203262
51820,Waynesboro city,9204
51830,Williamsburg city,7626
51840,Winchester city,10667
53,Washington,3209214
53001,Adams County,4644
53003,Asotin County,9736
53005,Benton County,80027
53007,Chelan County,33380
53009,Clallam County,39457
53011,Clark County,200160
53013,Columbia County,2182
53015,Cowlitz County,45692
53017,Douglas County,15543
53019,Ferry County,3601
53021,Franklin County,23720
53023,Garfield County,1246
53025,Grant County,28346
53027,Grays Harbor County,28367
53029,Island County,42876
53031,Jefferson County,20276
53033,King County,998499
53035,Kitsap County,124317
53037,Kittitas County,18955
53039,Klickitat County,10769
53041,Lewis County,34149
53043,Lincoln County,5713
53045,Mason County,28073
53047,Okanogan County,17091
53049,Pacific County,10716
53051,Pend Oreille County,6802
53053,Pierce County,348485
53055,San Juan County,10774
53057,Skagit County,55968
53059,Skamania County,5639
53061,Snohomish County,342173
53063,Spokane County,227246
53065,Stevens County,22677
53067,Thurston County,129410
53069,Wahkiakum County,2358
53071,Walla Walla County,25419
53073,Whatcom County,109673
53075,Whitman County,17305
53077,Yakima County,77750
54,West Virginia,713051
54001,Barbour County,6054
54003,Berkeley County,42850
54005,Boone County,8683
54007,Braxton County,5090
54009,Brooke County,9613
54011,Cabell County,33085
54013,Calhoun County,2617
54015,Clay County,2972
54017,Doddridge County,2840
54019,Fayette County,15337
54021,Gilmer County,2543
54023,Grant County,4956
54025,Greenbrier County,14066
54027,Hampshire County,8608
54029,Hancock County,12702
54031,Hardy County,5643
54033,Harrison County,27960
54035,Jackson County,12187
54037,Jefferson County,24147
54039,Kanawha County,75690
54041,Lewis County,6928
54043,Lincoln County,7066
54045,Logan County,12359
54047,McDowell County,6203
54049,Marion County,23029
54051,Marshall County,13216
54053,Mason County,10186
54055,Mercer County,22982
54057,Mineral County,11564
54059,Mingo County,9510
54061,Monongalia County,36048
54063,Monroe County,5805
54065,Morgan County,7654
54067,Nicholas County,9491
54069,Ohio County,17938
54071,Pendleton County,3225
54073,Pleasants County,3150
54075,Pocahontas County,3646
54077,Preston County,12659
54079,Putnam County,24893
54081,Raleigh County,29618
54083,Randolph County,10876
54085,Ritchie County,4075
54087,Roane County,5247
54089,Summers County,4862
54091,Taylor County,6538
54093,Tucker County,3475
54095,Tyler County,3654
54097,Upshur County,9218
54099,Wayne County,15182
54101,Webster County,2978
54103,Wetzel County,6265
54105,Wirt County,2422
54107,Wood County,35615
54109,Wyoming County,7831
55,Wisconsin,2976150
55001,Adams County,10130
55003,Ashland County,8032
55005,Barron County,22671
55007,Bayfield County,9612
55009,Brown County,129011
55011,Buffalo County,6981
55013,Burnett County,8738
55015,Calumet County,26595
55017,Chippewa County,31568
55019,Clark County,13673
55021,Columbia County,29698
55023,Crawford County,7728
55025,Dane County,309354
55027,Dodge County,43078
55029,Door County,17592
55031,Douglas County,22536
55033,Dunn County,22106
55035,Eau Claire County,55025
55037,Florence County,2656
55039,Fond du Lac County,51796
55041,Forest County,4545
55043,Grant County,24368
55045,Green County,18985
55047,Green Lake County,9416
55049,Iowa County,12275
55051,Iron County,3513
55053,Jackson County,9267
55055,Jefferson County,43109
55057,Juneau County,11735
55059,Kenosha County,76304
55061,Kewaunee County,10767
55063,La Crosse County,63674
55065,Lafayette County,7662
55067,Langlade County,10186
55069,Lincoln County,14712
55071,Manitowoc County,40786
55073,Marathon County,69518
55075,Marinette County,20343
55077,Marquette County,7891
55078,Menominee County,1308
55079,Milwaukee County,441053
55081,Monroe County,19699
55083,Oconto County,20206
55085,Oneida County,21531
55087,Outagamie County,93933
55089,Ozaukee County,54560
55091,Pepin County,3735
55093,Pierce County,21376
55095,Polk County,22745
55097,Portage County,38589
55099,Price County,7568
55101,Racine County,94302
55103,Richland County,8069
55105,Rock County,76074
55107,Rusk County,7088
55109,St. Croix County,47508
55111,Sauk County,31357
55113,Sawyer County,9137
55115,Shawano County,19810
55117,Sheboygan County,59766
55119,Taylor County,9471
55121,Trempealeau County,13687
55123,Vernon County,14275
55125,Vilas County,13611
55127,Walworth County,51391
55129,Washburn County,9193
55131,Washington County,76757
55133,Waukesha County,237593
55135,Waupaca County,26095
55137,Waushara County,12074
55139,Winnebago County,87135
55141,Wood County,37818
56,Wyoming,258788
56001,Albany County,17245
56003,Big Horn County,5406
56005,Campbell County,18351
56007,Carbon County,6461
56009,Converse County,6706
56011,Crook County,3866
56013,Fremont County,17241
56015,Goshen County,5880
56017,Hot Springs County,2644
56019,Johnson County,4472
56021,Laramie County,41353
56023,Lincoln County,8970
56025,Natrona County,33717
56027,Niobrara County,1331
56029,Park County,15311
56031,Platte County,4580
56033,Sheridan County,14701
56035,Sublette County,4442
56037,Sweetwater County,17309
56039,Teton County,12795
56041,Uinta County,8570
56043,Washakie County,3865
56045,Weston County,3572
